dataset,year,cutoff_doy,cutoff_label,lead_days_to_Mar1,MA_O3_loss,MA_O3_min_DU,MA_O3_min_doy,low_o3_rank,Low25_min_label,predictor_set,model_family,pred_MA_O3_loss,pred_low25_probability,prob_rank_desc,prob_top25_alarm
BWCN,8,1,01-01,59,26.02682973001144,73.43604278564453,106,1.0,1,DYN,linear,5.677859872615081,0.4936846882675405,3.0,True
BWCN,8,1,01-01,59,26.02682973001144,73.43604278564453,106,1.0,1,DYN,random_forest,2.3723985988970857,0.616313180254885,8.0,False
BWCN,8,1,01-01,59,26.02682973001144,73.43604278564453,106,1.0,1,O3_MEMORY,linear,6.943543851476184,0.5246559234838111,2.0,True
BWCN,8,1,01-01,59,26.02682973001144,73.43604278564453,106,1.0,1,O3_MEMORY,random_forest,3.9088248006715913,0.512658134691586,8.0,False
BWCN,8,1,01-01,59,26.02682973001144,73.43604278564453,106,1.0,1,DYN_PLUS_O3,linear,7.110124945993978,0.5475520207679964,1.0,True
BWCN,8,1,01-01,59,26.02682973001144,73.43604278564453,106,1.0,1,DYN_PLUS_O3,random_forest,2.6676085193695473,0.4487077388621508,11.0,False
BWCN,8,2,01-02,58,26.02682973001144,73.43604278564453,106,1.0,1,DYN,linear,5.785464465818258,0.49669292036038115,3.0,True
BWCN,8,2,01-02,58,26.02682973001144,73.43604278564453,106,1.0,1,DYN,random_forest,3.3818495430891136,0.6374350405429894,4.0,True
BWCN,8,2,01-02,58,26.02682973001144,73.43604278564453,106,1.0,1,O3_MEMORY,linear,6.984842794292956,0.5231900131670991,3.0,True
BWCN,8,2,01-02,58,26.02682973001144,73.43604278564453,106,1.0,1,O3_MEMORY,random_forest,4.473347793524439,0.5167929233317251,8.0,False
BWCN,8,2,01-02,58,26.02682973001144,73.43604278564453,106,1.0,1,DYN_PLUS_O3,linear,7.157337591326201,0.5482630594931434,1.0,True
BWCN,8,2,01-02,58,26.02682973001144,73.43604278564453,106,1.0,1,DYN_PLUS_O3,random_forest,3.6874858625614726,0.4821525121226307,8.0,False
BWCN,8,3,01-03,57,26.02682973001144,73.43604278564453,106,1.0,1,DYN,linear,5.935999024677507,0.5025158748589669,3.0,True
BWCN,8,3,01-03,57,26.02682973001144,73.43604278564453,106,1.0,1,DYN,random_forest,4.007754770134253,0.6757317702987592,3.0,True
BWCN,8,3,01-03,57,26.02682973001144,73.43604278564453,106,1.0,1,O3_MEMORY,linear,6.9721734163814855,0.522202954602506,2.0,True
BWCN,8,3,01-03,57,26.02682973001144,73.43604278564453,106,1.0,1,O3_MEMORY,random_forest,4.499787345352349,0.5424659950738032,9.0,False
BWCN,8,3,01-03,57,26.02682973001144,73.43604278564453,106,1.0,1,DYN_PLUS_O3,linear,7.267659176792506,0.5522463510023089,1.0,True
BWCN,8,3,01-03,57,26.02682973001144,73.43604278564453,106,1.0,1,DYN_PLUS_O3,random_forest,4.200535337024801,0.5362550657267969,8.0,False
BWCN,8,4,01-04,56,26.02682973001144,73.43604278564453,106,1.0,1,DYN,linear,6.104064059934562,0.5092835695962127,3.0,True
BWCN,8,4,01-04,56,26.02682973001144,73.43604278564453,106,1.0,1,DYN,random_forest,4.725716205612196,0.6895695363638423,3.0,True
BWCN,8,4,01-04,56,26.02682973001144,73.43604278564453,106,1.0,1,O3_MEMORY,linear,6.971691221096633,0.5228975277311342,2.0,True
BWCN,8,4,01-04,56,26.02682973001144,73.43604278564453,106,1.0,1,O3_MEMORY,random_forest,4.827406980572612,0.5450701976155296,9.0,False
BWCN,8,4,01-04,56,26.02682973001144,73.43604278564453,106,1.0,1,DYN_PLUS_O3,linear,7.427664471829859,0.5583886186588314,2.0,True
BWCN,8,4,01-04,56,26.02682973001144,73.43604278564453,106,1.0,1,DYN_PLUS_O3,random_forest,4.2612622965330464,0.5481441645468768,7.0,False
BWCN,8,5,01-05,55,26.02682973001144,73.43604278564453,106,1.0,1,DYN,linear,6.23722690054236,0.5148970921669153,3.0,True
BWCN,8,5,01-05,55,26.02682973001144,73.43604278564453,106,1.0,1,DYN,random_forest,4.852784055862581,0.732699474216073,3.0,True
BWCN,8,5,01-05,55,26.02682973001144,73.43604278564453,106,1.0,1,O3_MEMORY,linear,7.008656457432032,0.5268603255604516,2.0,True
BWCN,8,5,01-05,55,26.02682973001144,73.43604278564453,106,1.0,1,O3_MEMORY,random_forest,5.017581595293596,0.5242042552270452,11.0,False
BWCN,8,5,01-05,55,26.02682973001144,73.43604278564453,106,1.0,1,DYN_PLUS_O3,linear,7.61797807679851,0.5664235321135119,2.0,True
BWCN,8,5,01-05,55,26.02682973001144,73.43604278564453,106,1.0,1,DYN_PLUS_O3,random_forest,4.435155268048617,0.5486172054331073,6.0,False
BWCN,8,6,01-06,54,26.02682973001144,73.43604278564453,106,1.0,1,DYN,linear,6.230662425009983,0.514172847742217,3.0,True
BWCN,8,6,01-06,54,26.02682973001144,73.43604278564453,106,1.0,1,DYN,random_forest,4.038429482724624,0.7024394821517378,3.0,True
BWCN,8,6,01-06,54,26.02682973001144,73.43604278564453,106,1.0,1,O3_MEMORY,linear,7.078027618329449,0.5331427841176991,2.0,True
BWCN,8,6,01-06,54,26.02682973001144,73.43604278564453,106,1.0,1,O3_MEMORY,random_forest,4.731973158016499,0.4964232245009948,9.0,False
BWCN,8,6,01-06,54,26.02682973001144,73.43604278564453,106,1.0,1,DYN_PLUS_O3,linear,7.77154502453078,0.5722317770325769,2.0,True
BWCN,8,6,01-06,54,26.02682973001144,73.43604278564453,106,1.0,1,DYN_PLUS_O3,random_forest,3.6245256896097904,0.5585412989311521,6.0,False
BWCN,8,7,01-07,53,26.02682973001144,73.43604278564453,106,1.0,1,DYN,linear,6.172032298134864,0.5108996948013633,4.0,True
BWCN,8,7,01-07,53,26.02682973001144,73.43604278564453,106,1.0,1,DYN,random_forest,2.6664619040482105,0.6562148467002886,8.0,False
BWCN,8,7,01-07,53,26.02682973001144,73.43604278564453,106,1.0,1,O3_MEMORY,linear,7.165515792115055,0.5405023827708851,2.0,True
BWCN,8,7,01-07,53,26.02682973001144,73.43604278564453,106,1.0,1,O3_MEMORY,random_forest,4.627033213054312,0.5072650095107964,11.0,False
BWCN,8,7,01-07,53,26.02682973001144,73.43604278564453,106,1.0,1,DYN_PLUS_O3,linear,7.877885078293517,0.5761776768460972,3.0,True
BWCN,8,7,01-07,53,26.02682973001144,73.43604278564453,106,1.0,1,DYN_PLUS_O3,random_forest,4.43069312043123,0.5953391783483983,8.0,False
BWCN,8,8,01-08,52,26.02682973001144,73.43604278564453,106,1.0,1,DYN,linear,6.208970796733276,0.512726598462543,4.0,True
BWCN,8,8,01-08,52,26.02682973001144,73.43604278564453,106,1.0,1,DYN,random_forest,2.722898319794305,0.6799753806211704,5.0,True
BWCN,8,8,01-08,52,26.02682973001144,73.43604278564453,106,1.0,1,O3_MEMORY,linear,7.244260047054461,0.5471977151221851,2.0,True
BWCN,8,8,01-08,52,26.02682973001144,73.43604278564453,106,1.0,1,O3_MEMORY,random_forest,6.301502876417958,0.6078290935731313,8.0,False
BWCN,8,8,01-08,52,26.02682973001144,73.43604278564453,106,1.0,1,DYN_PLUS_O3,linear,8.084750315785202,0.5814017921029723,3.0,True
BWCN,8,8,01-08,52,26.02682973001144,73.43604278564453,106,1.0,1,DYN_PLUS_O3,random_forest,7.121377113517525,0.6253960900770328,6.0,False
BWCN,8,9,01-09,51,26.02682973001144,73.43604278564453,106,1.0,1,DYN,linear,6.382879272820062,0.5221889284145936,3.0,True
BWCN,8,9,01-09,51,26.02682973001144,73.43604278564453,106,1.0,1,DYN,random_forest,1.9166710020929536,0.6180085438884951,6.0,False
BWCN,8,9,01-09,51,26.02682973001144,73.43604278564453,106,1.0,1,O3_MEMORY,linear,7.295049696794355,0.5518033322348124,2.0,True
BWCN,8,9,01-09,51,26.02682973001144,73.43604278564453,106,1.0,1,O3_MEMORY,random_forest,7.50747833279823,0.6830083123380146,4.0,True
BWCN,8,9,01-09,51,26.02682973001144,73.43604278564453,106,1.0,1,DYN_PLUS_O3,linear,8.187436187281785,0.5891159269090772,3.0,True
BWCN,8,9,01-09,51,26.02682973001144,73.43604278564453,106,1.0,1,DYN_PLUS_O3,random_forest,6.95214011586416,0.6410819781655639,6.0,False
BWCN,8,10,01-10,50,26.02682973001144,73.43604278564453,106,1.0,1,DYN,linear,6.72933337702121,0.5339527886662963,3.0,True
BWCN,8,10,01-10,50,26.02682973001144,73.43604278564453,106,1.0,1,DYN,random_forest,2.518754790490881,0.6303787973542803,4.0,True
BWCN,8,10,01-10,50,26.02682973001144,73.43604278564453,106,1.0,1,O3_MEMORY,linear,7.318307181221043,0.5541487317529094,2.0,True
BWCN,8,10,01-10,50,26.02682973001144,73.43604278564453,106,1.0,1,O3_MEMORY,random_forest,6.7189285770355935,0.6529267230440499,7.0,False
BWCN,8,10,01-10,50,26.02682973001144,73.43604278564453,106,1.0,1,DYN_PLUS_O3,linear,8.284801359620069,0.5967370604023012,3.0,True
BWCN,8,10,01-10,50,26.02682973001144,73.43604278564453,106,1.0,1,DYN_PLUS_O3,random_forest,6.9701718633158745,0.6960352483469506,4.0,True
BWCN,8,11,01-11,49,26.02682973001144,73.43604278564453,106,1.0,1,DYN,linear,6.992510458925356,0.5459898812673106,2.0,True
BWCN,8,11,01-11,49,26.02682973001144,73.43604278564453,106,1.0,1,DYN,random_forest,2.59741410914049,0.6778958286408371,3.0,True
BWCN,8,11,01-11,49,26.02682973001144,73.43604278564453,106,1.0,1,O3_MEMORY,linear,7.312383005279141,0.554094321320131,2.0,True
BWCN,8,11,01-11,49,26.02682973001144,73.43604278564453,106,1.0,1,O3_MEMORY,random_forest,6.155162690312336,0.628992067132008,9.0,False
BWCN,8,11,01-11,49,26.02682973001144,73.43604278564453,106,1.0,1,DYN_PLUS_O3,linear,8.29310745554169,0.6030697186491069,3.0,True
BWCN,8,11,01-11,49,26.02682973001144,73.43604278564453,106,1.0,1,DYN_PLUS_O3,random_forest,6.968570451572506,0.6890717814153298,5.0,True
BWCN,8,12,01-12,48,26.02682973001144,73.43604278564453,106,1.0,1,DYN,linear,7.342025068574515,0.56093882452115,2.0,True
BWCN,8,12,01-12,48,26.02682973001144,73.43604278564453,106,1.0,1,DYN,random_forest,2.776386707946572,0.6899865854673778,4.0,True
BWCN,8,12,01-12,48,26.02682973001144,73.43604278564453,106,1.0,1,O3_MEMORY,linear,7.28811568680546,0.5524438856448676,2.0,True
BWCN,8,12,01-12,48,26.02682973001144,73.43604278564453,106,1.0,1,O3_MEMORY,random_forest,5.197622462165092,0.5998625796640289,11.0,False
BWCN,8,12,01-12,48,26.02682973001144,73.43604278564453,106,1.0,1,DYN_PLUS_O3,linear,8.446313709882759,0.6105749487735376,2.0,True
BWCN,8,12,01-12,48,26.02682973001144,73.43604278564453,106,1.0,1,DYN_PLUS_O3,random_forest,7.337639906918452,0.696880798716781,5.0,True
BWCN,8,13,01-13,47,26.02682973001144,73.43604278564453,106,1.0,1,DYN,linear,7.732901449979662,0.5775247826811346,2.0,True
BWCN,8,13,01-13,47,26.02682973001144,73.43604278564453,106,1.0,1,DYN,random_forest,4.3180077838999535,0.7013469688700085,4.0,True
BWCN,8,13,01-13,47,26.02682973001144,73.43604278564453,106,1.0,1,O3_MEMORY,linear,7.2574161558131465,0.5504422994900242,2.0,True
BWCN,8,13,01-13,47,26.02682973001144,73.43604278564453,106,1.0,1,O3_MEMORY,random_forest,6.256586497052487,0.6104243043848179,9.0,False
BWCN,8,13,01-13,47,26.02682973001144,73.43604278564453,106,1.0,1,DYN_PLUS_O3,linear,8.650266124575067,0.6198800177500049,2.0,True
BWCN,8,13,01-13,47,26.02682973001144,73.43604278564453,106,1.0,1,DYN_PLUS_O3,random_forest,8.662321852849407,0.710168123445154,5.0,True
BWCN,8,14,01-14,46,26.02682973001144,73.43604278564453,106,1.0,1,DYN,linear,8.10418737181966,0.5927288000952095,2.0,True
BWCN,8,14,01-14,46,26.02682973001144,73.43604278564453,106,1.0,1,DYN,random_forest,8.753811105373996,0.7502005403723978,2.0,True
BWCN,8,14,01-14,46,26.02682973001144,73.43604278564453,106,1.0,1,O3_MEMORY,linear,7.23754984096618,0.5497079685867905,2.0,True
BWCN,8,14,01-14,46,26.02682973001144,73.43604278564453,106,1.0,1,O3_MEMORY,random_forest,7.876901112389899,0.6791344412743062,4.0,True
BWCN,8,14,01-14,46,26.02682973001144,73.43604278564453,106,1.0,1,DYN_PLUS_O3,linear,8.865823020611721,0.6294343649564735,2.0,True
BWCN,8,14,01-14,46,26.02682973001144,73.43604278564453,106,1.0,1,DYN_PLUS_O3,random_forest,9.9919931182951,0.7800492587346934,1.0,True
BWCN,8,15,01-15,45,26.02682973001144,73.43604278564453,106,1.0,1,DYN,linear,8.51955441098781,0.6088967408062791,1.0,True
BWCN,8,15,01-15,45,26.02682973001144,73.43604278564453,106,1.0,1,DYN,random_forest,10.07744574167012,0.7903567794311148,1.0,True
BWCN,8,15,01-15,45,26.02682973001144,73.43604278564453,106,1.0,1,O3_MEMORY,linear,7.240717266194504,0.5512667212494724,2.0,True
BWCN,8,15,01-15,45,26.02682973001144,73.43604278564453,106,1.0,1,O3_MEMORY,random_forest,9.637128447039004,0.78722888313348,1.0,True
BWCN,8,15,01-15,45,26.02682973001144,73.43604278564453,106,1.0,1,DYN_PLUS_O3,linear,9.073544645215584,0.6393375038939278,2.0,True
BWCN,8,15,01-15,45,26.02682973001144,73.43604278564453,106,1.0,1,DYN_PLUS_O3,random_forest,11.24181436374421,0.7769563987580109,1.0,True
BWCN,8,16,01-16,44,26.02682973001144,73.43604278564453,106,1.0,1,DYN,linear,9.013921768508174,0.6279193543257312,2.0,True
BWCN,8,16,01-16,44,26.02682973001144,73.43604278564453,106,1.0,1,DYN,random_forest,10.377209289532969,0.7347244742825373,3.0,True
BWCN,8,16,01-16,44,26.02682973001144,73.43604278564453,106,1.0,1,O3_MEMORY,linear,7.2768894119808,0.5556855225068007,2.0,True
BWCN,8,16,01-16,44,26.02682973001144,73.43604278564453,106,1.0,1,O3_MEMORY,random_forest,9.919098374560102,0.8136344200013041,1.0,True
BWCN,8,16,01-16,44,26.02682973001144,73.43604278564453,106,1.0,1,DYN_PLUS_O3,linear,9.278878573345256,0.6504986226930193,2.0,True
BWCN,8,16,01-16,44,26.02682973001144,73.43604278564453,106,1.0,1,DYN_PLUS_O3,random_forest,11.727187363073938,0.7682621072313904,1.0,True
BWCN,8,17,01-17,43,26.02682973001144,73.43604278564453,106,1.0,1,DYN,linear,9.41191258217063,0.6421987671582793,2.0,True
BWCN,8,17,01-17,43,26.02682973001144,73.43604278564453,106,1.0,1,DYN,random_forest,8.172647051318423,0.7072177800588741,6.0,False
BWCN,8,17,01-17,43,26.02682973001144,73.43604278564453,106,1.0,1,O3_MEMORY,linear,7.338828619421695,0.5620732593074483,2.0,True
BWCN,8,17,01-17,43,26.02682973001144,73.43604278564453,106,1.0,1,O3_MEMORY,random_forest,10.19078564580058,0.8473109886172845,1.0,True
BWCN,8,17,01-17,43,26.02682973001144,73.43604278564453,106,1.0,1,DYN_PLUS_O3,linear,9.420236955326654,0.6588920589088637,2.0,True
BWCN,8,17,01-17,43,26.02682973001144,73.43604278564453,106,1.0,1,DYN_PLUS_O3,random_forest,10.979897969613596,0.7625660465781101,1.0,True
BWCN,8,18,01-18,42,26.02682973001144,73.43604278564453,106,1.0,1,DYN,linear,9.642700485954348,0.6498141388296171,2.0,True
BWCN,8,18,01-18,42,26.02682973001144,73.43604278564453,106,1.0,1,DYN,random_forest,9.068203213565427,0.718520339798839,5.0,True
BWCN,8,18,01-18,42,26.02682973001144,73.43604278564453,106,1.0,1,O3_MEMORY,linear,7.445060266933046,0.5711675676562091,2.0,True
BWCN,8,18,01-18,42,26.02682973001144,73.43604278564453,106,1.0,1,O3_MEMORY,random_forest,10.36653657339306,0.8617818997061303,1.0,True
BWCN,8,18,01-18,42,26.02682973001144,73.43604278564453,106,1.0,1,DYN_PLUS_O3,linear,9.420374793884013,0.6649730828581955,2.0,True
BWCN,8,18,01-18,42,26.02682973001144,73.43604278564453,106,1.0,1,DYN_PLUS_O3,random_forest,11.667822914466234,0.7698813128484876,1.0,True
BWCN,8,19,01-19,41,26.02682973001144,73.43604278564453,106,1.0,1,DYN,linear,9.647415973904511,0.6491567304035057,2.0,True
BWCN,8,19,01-19,41,26.02682973001144,73.43604278564453,106,1.0,1,DYN,random_forest,8.988087240290488,0.7534155470491812,4.0,True
BWCN,8,19,01-19,41,26.02682973001144,73.43604278564453,106,1.0,1,O3_MEMORY,linear,7.6112812577469775,0.5835270503637052,2.0,True
BWCN,8,19,01-19,41,26.02682973001144,73.43604278564453,106,1.0,1,O3_MEMORY,random_forest,10.042845251310359,0.7977412695240479,2.0,True
BWCN,8,19,01-19,41,26.02682973001144,73.43604278564453,106,1.0,1,DYN_PLUS_O3,linear,9.488219212315922,0.6700266446322624,2.0,True
BWCN,8,19,01-19,41,26.02682973001144,73.43604278564453,106,1.0,1,DYN_PLUS_O3,random_forest,12.32264028502817,0.7920158049449404,1.0,True
BWCN,8,20,01-20,40,26.02682973001144,73.43604278564453,106,1.0,1,DYN,linear,9.583659003146053,0.646880095660951,2.0,True
BWCN,8,20,01-20,40,26.02682973001144,73.43604278564453,106,1.0,1,DYN,random_forest,8.274846666009212,0.7959008384379251,1.0,True
BWCN,8,20,01-20,40,26.02682973001144,73.43604278564453,106,1.0,1,O3_MEMORY,linear,7.814016640744479,0.5972346684316867,2.0,True
BWCN,8,20,01-20,40,26.02682973001144,73.43604278564453,106,1.0,1,O3_MEMORY,random_forest,8.988609813951506,0.7758385683122545,2.0,True
BWCN,8,20,01-20,40,26.02682973001144,73.43604278564453,106,1.0,1,DYN_PLUS_O3,linear,9.584684990651283,0.676314658176783,2.0,True
BWCN,8,20,01-20,40,26.02682973001144,73.43604278564453,106,1.0,1,DYN_PLUS_O3,random_forest,11.663865518485721,0.8323101560137403,1.0,True
BWCN,8,21,01-21,39,26.02682973001144,73.43604278564453,106,1.0,1,DYN,linear,9.800002159545686,0.6566803824838948,2.0,True
BWCN,8,21,01-21,39,26.02682973001144,73.43604278564453,106,1.0,1,DYN,random_forest,8.584992569023136,0.7555741533818594,5.0,True
BWCN,8,21,01-21,39,26.02682973001144,73.43604278564453,106,1.0,1,O3_MEMORY,linear,8.039867163360134,0.6113424557533035,2.0,True
BWCN,8,21,01-21,39,26.02682973001144,73.43604278564453,106,1.0,1,O3_MEMORY,random_forest,11.32374446606767,0.8227538843498337,2.0,True
BWCN,8,21,01-21,39,26.02682973001144,73.43604278564453,106,1.0,1,DYN_PLUS_O3,linear,9.825770222079123,0.6895882941753597,2.0,True
BWCN,8,21,01-21,39,26.02682973001144,73.43604278564453,106,1.0,1,DYN_PLUS_O3,random_forest,10.755967842796839,0.817671977751121,1.0,True
BWCN,8,22,01-22,38,26.02682973001144,73.43604278564453,106,1.0,1,DYN,linear,10.155634940167362,0.6726379595861678,1.0,True
BWCN,8,22,01-22,38,26.02682973001144,73.43604278564453,106,1.0,1,DYN,random_forest,9.412644266493315,0.7748475238906565,3.0,True
BWCN,8,22,01-22,38,26.02682973001144,73.43604278564453,106,1.0,1,O3_MEMORY,linear,8.294725773929429,0.6646168679687872,2.0,True
BWCN,8,22,01-22,38,26.02682973001144,73.43604278564453,106,1.0,1,O3_MEMORY,random_forest,10.898516361188577,0.8259425153213443,2.0,True
BWCN,8,22,01-22,38,26.02682973001144,73.43604278564453,106,1.0,1,DYN_PLUS_O3,linear,10.169688285459557,0.7068126640014852,2.0,True
BWCN,8,22,01-22,38,26.02682973001144,73.43604278564453,106,1.0,1,DYN_PLUS_O3,random_forest,10.916631136556258,0.8152462082318354,2.0,True
BWCN,8,23,01-23,37,26.02682973001144,73.43604278564453,106,1.0,1,DYN,linear,10.331645532139751,0.6818775702845403,1.0,True
BWCN,8,23,01-23,37,26.02682973001144,73.43604278564453,106,1.0,1,DYN,random_forest,10.318801846703277,0.7824970446356257,2.0,True
BWCN,8,23,01-23,37,26.02682973001144,73.43604278564453,106,1.0,1,O3_MEMORY,linear,8.559172150694854,0.6794454521192487,2.0,True
BWCN,8,23,01-23,37,26.02682973001144,73.43604278564453,106,1.0,1,O3_MEMORY,random_forest,10.77017895085282,0.8484419954894677,1.0,True
BWCN,8,23,01-23,37,26.02682973001144,73.43604278564453,106,1.0,1,DYN_PLUS_O3,linear,10.494578616453625,0.770330916256617,2.0,True
BWCN,8,23,01-23,37,26.02682973001144,73.43604278564453,106,1.0,1,DYN_PLUS_O3,random_forest,11.827098669666286,0.8438673042425747,1.0,True
BWCN,8,24,01-24,36,26.02682973001144,73.43604278564453,106,1.0,1,DYN,linear,10.27625631318191,0.681255159732795,1.0,True
BWCN,8,24,01-24,36,26.02682973001144,73.43604278564453,106,1.0,1,DYN,random_forest,11.443377519485525,0.807981360945283,1.0,True
BWCN,8,24,01-24,36,26.02682973001144,73.43604278564453,106,1.0,1,O3_MEMORY,linear,8.811583798212347,0.6917785996310744,2.0,True
BWCN,8,24,01-24,36,26.02682973001144,73.43604278564453,106,1.0,1,O3_MEMORY,random_forest,9.879924851370776,0.8789800021065269,1.0,True
BWCN,8,24,01-24,36,26.02682973001144,73.43604278564453,106,1.0,1,DYN_PLUS_O3,linear,10.909131452123237,0.7845523530955408,2.0,True
BWCN,8,24,01-24,36,26.02682973001144,73.43604278564453,106,1.0,1,DYN_PLUS_O3,random_forest,11.381142437377175,0.855871850836132,1.0,True
BWCN,8,25,01-25,35,26.02682973001144,73.43604278564453,106,1.0,1,DYN,linear,10.267708756031627,0.6813999569619267,1.0,True
BWCN,8,25,01-25,35,26.02682973001144,73.43604278564453,106,1.0,1,DYN,random_forest,11.314638136135995,0.8081076534567881,4.0,True
BWCN,8,25,01-25,35,26.02682973001144,73.43604278564453,106,1.0,1,O3_MEMORY,linear,9.092572607436162,0.7041327704943499,2.0,True
BWCN,8,25,01-25,35,26.02682973001144,73.43604278564453,106,1.0,1,O3_MEMORY,random_forest,10.138706878349426,0.8681201794252966,1.0,True
BWCN,8,25,01-25,35,26.02682973001144,73.43604278564453,106,1.0,1,DYN_PLUS_O3,linear,11.306221798149092,0.7997315867630685,2.0,True
BWCN,8,25,01-25,35,26.02682973001144,73.43604278564453,106,1.0,1,DYN_PLUS_O3,random_forest,10.958145256300906,0.8593367108163737,2.0,True
BWCN,8,26,01-26,34,26.02682973001144,73.43604278564453,106,1.0,1,DYN,linear,10.253173787667956,0.6813615349361347,1.0,True
BWCN,8,26,01-26,34,26.02682973001144,73.43604278564453,106,1.0,1,DYN,random_forest,10.372030388261011,0.7958853193727393,4.0,True
BWCN,8,26,01-26,34,26.02682973001144,73.43604278564453,106,1.0,1,O3_MEMORY,linear,9.365648449606248,0.7148875173746286,2.0,True
BWCN,8,26,01-26,34,26.02682973001144,73.43604278564453,106,1.0,1,O3_MEMORY,random_forest,10.215427551824039,0.8618899126231464,1.0,True
BWCN,8,26,01-26,34,26.02682973001144,73.43604278564453,106,1.0,1,DYN_PLUS_O3,linear,11.840907235535777,0.8134913390189233,1.0,True
BWCN,8,26,01-26,34,26.02682973001144,73.43604278564453,106,1.0,1,DYN_PLUS_O3,random_forest,10.684882960673276,0.8619443079887209,1.0,True
BWCN,8,27,01-27,33,26.02682973001144,73.43604278564453,106,1.0,1,DYN,linear,10.306101073405685,0.6851003898313586,1.0,True
BWCN,8,27,01-27,33,26.02682973001144,73.43604278564453,106,1.0,1,DYN,random_forest,9.769734034879168,0.7863981062187992,3.0,True
BWCN,8,27,01-27,33,26.02682973001144,73.43604278564453,106,1.0,1,O3_MEMORY,linear,9.579492177382813,0.7221974163695004,2.0,True
BWCN,8,27,01-27,33,26.02682973001144,73.43604278564453,106,1.0,1,O3_MEMORY,random_forest,10.436303508157094,0.8594957047586217,1.0,True
BWCN,8,27,01-27,33,26.02682973001144,73.43604278564453,106,1.0,1,DYN_PLUS_O3,linear,12.18497879765282,0.8236105879904958,1.0,True
BWCN,8,27,01-27,33,26.02682973001144,73.43604278564453,106,1.0,1,DYN_PLUS_O3,random_forest,11.650776691194613,0.8594088693407279,2.0,True
BWCN,8,28,01-28,32,26.02682973001144,73.43604278564453,106,1.0,1,DYN,linear,10.299940717304112,0.6868666588799462,1.0,True
BWCN,8,28,01-28,32,26.02682973001144,73.43604278564453,106,1.0,1,DYN,random_forest,10.218461475663023,0.8055416744556572,4.0,True
BWCN,8,28,01-28,32,26.02682973001144,73.43604278564453,106,1.0,1,O3_MEMORY,linear,9.815734156916353,0.7288026992039919,2.0,True
BWCN,8,28,01-28,32,26.02682973001144,73.43604278564453,106,1.0,1,O3_MEMORY,random_forest,10.467989463411467,0.8683884990463614,1.0,True
BWCN,8,28,01-28,32,26.02682973001144,73.43604278564453,106,1.0,1,DYN_PLUS_O3,linear,12.433290908643096,0.8302603259926215,1.0,True
BWCN,8,28,01-28,32,26.02682973001144,73.43604278564453,106,1.0,1,DYN_PLUS_O3,random_forest,12.23353755208921,0.8444707302584837,1.0,True
BWCN,8,29,01-29,31,26.02682973001144,73.43604278564453,106,1.0,1,DYN,linear,10.145667481536773,0.6818349422534427,1.0,True
BWCN,8,29,01-29,31,26.02682973001144,73.43604278564453,106,1.0,1,DYN,random_forest,10.320417839822218,0.8264111930200726,5.0,True
BWCN,8,29,01-29,31,26.02682973001144,73.43604278564453,106,1.0,1,O3_MEMORY,linear,9.975577144080388,0.7342457708330644,2.0,True
BWCN,8,29,01-29,31,26.02682973001144,73.43604278564453,106,1.0,1,O3_MEMORY,random_forest,10.309842655778956,0.7995640381129686,3.0,True
BWCN,8,29,01-29,31,26.02682973001144,73.43604278564453,106,1.0,1,DYN_PLUS_O3,linear,12.57038029411469,0.7715172300305185,1.0,True
BWCN,8,29,01-29,31,26.02682973001144,73.43604278564453,106,1.0,1,DYN_PLUS_O3,random_forest,11.857474408080835,0.835878698615869,2.0,True
BWCN,8,30,01-30,30,26.02682973001144,73.43604278564453,106,1.0,1,DYN,linear,10.098511432632307,0.6805843219665642,1.0,True
BWCN,8,30,01-30,30,26.02682973001144,73.43604278564453,106,1.0,1,DYN,random_forest,11.682447737144779,0.8143996127738123,3.0,True
BWCN,8,30,01-30,30,26.02682973001144,73.43604278564453,106,1.0,1,O3_MEMORY,linear,10.034099111774443,0.7359959925838492,2.0,True
BWCN,8,30,01-30,30,26.02682973001144,73.43604278564453,106,1.0,1,O3_MEMORY,random_forest,10.18298294243456,0.8084383043975227,2.0,True
BWCN,8,30,01-30,30,26.02682973001144,73.43604278564453,106,1.0,1,DYN_PLUS_O3,linear,12.540658014242803,0.7711637349397037,1.0,True
BWCN,8,30,01-30,30,26.02682973001144,73.43604278564453,106,1.0,1,DYN_PLUS_O3,random_forest,11.907082713915706,0.8468561827691657,2.0,True
BWCN,8,31,01-31,29,26.02682973001144,73.43604278564453,106,1.0,1,DYN,linear,10.12507205815531,0.681954230033583,1.0,True
BWCN,8,31,01-31,29,26.02682973001144,73.43604278564453,106,1.0,1,DYN,random_forest,11.95929317184876,0.8111969459333668,1.0,True
BWCN,8,31,01-31,29,26.02682973001144,73.43604278564453,106,1.0,1,O3_MEMORY,linear,10.037797325332336,0.7363814585571989,2.0,True
BWCN,8,31,01-31,29,26.02682973001144,73.43604278564453,106,1.0,1,O3_MEMORY,random_forest,11.319353104625149,0.8628400307228425,1.0,True
BWCN,8,31,01-31,29,26.02682973001144,73.43604278564453,106,1.0,1,DYN_PLUS_O3,linear,12.426774044548734,0.7701292895802861,1.0,True
BWCN,8,31,01-31,29,26.02682973001144,73.43604278564453,106,1.0,1,DYN_PLUS_O3,random_forest,12.806033547937606,0.8544456745640188,1.0,True
BWCN,8,32,02-01,28,26.02682973001144,73.43604278564453,106,1.0,1,DYN,linear,10.192089666268119,0.6849431257127548,1.0,True
BWCN,8,32,02-01,28,26.02682973001144,73.43604278564453,106,1.0,1,DYN,random_forest,12.489733987885577,0.8320796780486537,3.0,True
BWCN,8,32,02-01,28,26.02682973001144,73.43604278564453,106,1.0,1,O3_MEMORY,linear,10.042236967723435,0.7534517478604638,2.0,True
BWCN,8,32,02-01,28,26.02682973001144,73.43604278564453,106,1.0,1,O3_MEMORY,random_forest,11.423751003333216,0.8541868222995357,1.0,True
BWCN,8,32,02-01,28,26.02682973001144,73.43604278564453,106,1.0,1,DYN_PLUS_O3,linear,12.1932372984251,0.7704134626637039,1.0,True
BWCN,8,32,02-01,28,26.02682973001144,73.43604278564453,106,1.0,1,DYN_PLUS_O3,random_forest,13.270241148375474,0.872609091836596,1.0,True
BWCN,8,33,02-02,27,26.02682973001144,73.43604278564453,106,1.0,1,DYN,linear,10.29975294201513,0.6904425927660135,1.0,True
BWCN,8,33,02-02,27,26.02682973001144,73.43604278564453,106,1.0,1,DYN,random_forest,12.252159575902546,0.8381585731399475,3.0,True
BWCN,8,33,02-02,27,26.02682973001144,73.43604278564453,106,1.0,1,O3_MEMORY,linear,10.025179815085217,0.7551331457444773,2.0,True
BWCN,8,33,02-02,27,26.02682973001144,73.43604278564453,106,1.0,1,O3_MEMORY,random_forest,12.363579551120381,0.869564220861006,1.0,True
BWCN,8,33,02-02,27,26.02682973001144,73.43604278564453,106,1.0,1,DYN_PLUS_O3,linear,12.100639151594331,0.7724216885017037,1.0,True
BWCN,8,33,02-02,27,26.02682973001144,73.43604278564453,106,1.0,1,DYN_PLUS_O3,random_forest,12.533578060420133,0.8840152110929506,1.0,True
BWCN,8,34,02-03,26,26.02682973001144,73.43604278564453,106,1.0,1,DYN,linear,10.444438962560724,0.6979493425622326,1.0,True
BWCN,8,34,02-03,26,26.02682973001144,73.43604278564453,106,1.0,1,DYN,random_forest,12.369405615536307,0.7881563762968441,3.0,True
BWCN,8,34,02-03,26,26.02682973001144,73.43604278564453,106,1.0,1,O3_MEMORY,linear,10.00285378853182,0.7573810230526326,2.0,True
BWCN,8,34,02-03,26,26.02682973001144,73.43604278564453,106,1.0,1,O3_MEMORY,random_forest,12.674179839210785,0.8651996034900454,1.0,True
BWCN,8,34,02-03,26,26.02682973001144,73.43604278564453,106,1.0,1,DYN_PLUS_O3,linear,12.051006104880086,0.7763470185733562,1.0,True
BWCN,8,34,02-03,26,26.02682973001144,73.43604278564453,106,1.0,1,DYN_PLUS_O3,random_forest,12.595713564147182,0.8516521933212481,1.0,True
BWCN,8,35,02-04,25,26.02682973001144,73.43604278564453,106,1.0,1,DYN,linear,10.564680406917075,0.7039431533875588,1.0,True
BWCN,8,35,02-04,25,26.02682973001144,73.43604278564453,106,1.0,1,DYN,random_forest,12.887387222926053,0.8111222799691788,1.0,True
BWCN,8,35,02-04,25,26.02682973001144,73.43604278564453,106,1.0,1,O3_MEMORY,linear,9.998052085253706,0.761286749396855,2.0,True
BWCN,8,35,02-04,25,26.02682973001144,73.43604278564453,106,1.0,1,O3_MEMORY,random_forest,11.739877199188374,0.871264467190883,1.0,True
BWCN,8,35,02-04,25,26.02682973001144,73.43604278564453,106,1.0,1,DYN_PLUS_O3,linear,12.032287027770415,0.780642797860398,1.0,True
BWCN,8,35,02-04,25,26.02682973001144,73.43604278564453,106,1.0,1,DYN_PLUS_O3,random_forest,12.58843426710038,0.8859300974813268,1.0,True
BWCN,8,36,02-05,24,26.02682973001144,73.43604278564453,106,1.0,1,DYN,linear,10.743295262451117,0.70697313627525,1.0,True
BWCN,8,36,02-05,24,26.02682973001144,73.43604278564453,106,1.0,1,DYN,random_forest,12.895136979849376,0.8236969874280285,1.0,True
BWCN,8,36,02-05,24,26.02682973001144,73.43604278564453,106,1.0,1,O3_MEMORY,linear,10.01285469970209,0.7667808040793227,2.0,True
BWCN,8,36,02-05,24,26.02682973001144,73.43604278564453,106,1.0,1,O3_MEMORY,random_forest,11.908927890775923,0.889237798981161,2.0,True
BWCN,8,36,02-05,24,26.02682973001144,73.43604278564453,106,1.0,1,DYN_PLUS_O3,linear,12.003028103636158,0.840743396226991,1.0,True
BWCN,8,36,02-05,24,26.02682973001144,73.43604278564453,106,1.0,1,DYN_PLUS_O3,random_forest,12.685017800427994,0.8963890407230586,2.0,True
BWCN,8,37,02-06,23,26.02682973001144,73.43604278564453,106,1.0,1,DYN,linear,10.719286881991463,0.7090354598742183,1.0,True
BWCN,8,37,02-06,23,26.02682973001144,73.43604278564453,106,1.0,1,DYN,random_forest,11.730128087289039,0.7532314167447567,2.0,True
BWCN,8,37,02-06,23,26.02682973001144,73.43604278564453,106,1.0,1,O3_MEMORY,linear,10.036882889649107,0.7729693259719654,2.0,True
BWCN,8,37,02-06,23,26.02682973001144,73.43604278564453,106,1.0,1,O3_MEMORY,random_forest,10.890867617338483,0.8939670026139318,2.0,True
BWCN,8,37,02-06,23,26.02682973001144,73.43604278564453,106,1.0,1,DYN_PLUS_O3,linear,11.954079990828033,0.8444496382936078,1.0,True
BWCN,8,37,02-06,23,26.02682973001144,73.43604278564453,106,1.0,1,DYN_PLUS_O3,random_forest,12.050847379658313,0.8767165476424935,2.0,True
BWCN,8,38,02-07,22,26.02682973001144,73.43604278564453,106,1.0,1,DYN,linear,10.725090617188762,0.7125617733119615,1.0,True
BWCN,8,38,02-07,22,26.02682973001144,73.43604278564453,106,1.0,1,DYN,random_forest,11.630865967136467,0.6752222627384071,6.0,False
BWCN,8,38,02-07,22,26.02682973001144,73.43604278564453,106,1.0,1,O3_MEMORY,linear,10.068186167449818,0.7790662139956828,2.0,True
BWCN,8,38,02-07,22,26.02682973001144,73.43604278564453,106,1.0,1,O3_MEMORY,random_forest,10.935511430046752,0.8848380103660792,3.0,True
BWCN,8,38,02-07,22,26.02682973001144,73.43604278564453,106,1.0,1,DYN_PLUS_O3,linear,11.921131947250265,0.8479065104583656,1.0,True
BWCN,8,38,02-07,22,26.02682973001144,73.43604278564453,106,1.0,1,DYN_PLUS_O3,random_forest,12.695620571986126,0.8540934487934032,4.0,True
BWCN,8,39,02-08,21,26.02682973001144,73.43604278564453,106,1.0,1,DYN,linear,10.849204990042043,0.719797587446257,1.0,True
BWCN,8,39,02-08,21,26.02682973001144,73.43604278564453,106,1.0,1,DYN,random_forest,12.09975942560382,0.7658483942757253,3.0,True
BWCN,8,39,02-08,21,26.02682973001144,73.43604278564453,106,1.0,1,O3_MEMORY,linear,10.103329534623747,0.792470422765889,2.0,True
BWCN,8,39,02-08,21,26.02682973001144,73.43604278564453,106,1.0,1,O3_MEMORY,random_forest,10.725794001443402,0.885341911217559,3.0,True
BWCN,8,39,02-08,21,26.02682973001144,73.43604278564453,106,1.0,1,DYN_PLUS_O3,linear,11.939034885542066,0.8521867586906636,1.0,True
BWCN,8,39,02-08,21,26.02682973001144,73.43604278564453,106,1.0,1,DYN_PLUS_O3,random_forest,12.747062394356059,0.8917623583758377,3.0,True
BWCN,8,40,02-09,20,26.02682973001144,73.43604278564453,106,1.0,1,DYN,linear,11.16902257825543,0.7334673183123133,1.0,True
BWCN,8,40,02-09,20,26.02682973001144,73.43604278564453,106,1.0,1,DYN,random_forest,11.816042033279365,0.6751385364998023,6.0,False
BWCN,8,40,02-09,20,26.02682973001144,73.43604278564453,106,1.0,1,O3_MEMORY,linear,10.135646943548121,0.7972744657919884,2.0,True
BWCN,8,40,02-09,20,26.02682973001144,73.43604278564453,106,1.0,1,O3_MEMORY,random_forest,10.97353611242542,0.8785339931034344,2.0,True
BWCN,8,40,02-09,20,26.02682973001144,73.43604278564453,106,1.0,1,DYN_PLUS_O3,linear,12.075289710993378,0.8574046134143772,1.0,True
BWCN,8,40,02-09,20,26.02682973001144,73.43604278564453,106,1.0,1,DYN_PLUS_O3,random_forest,13.204200219077267,0.8972726667691242,3.0,True
BWCN,8,41,02-10,19,26.02682973001144,73.43604278564453,106,1.0,1,DYN,linear,11.476907691626678,0.7471027876760943,1.0,True
BWCN,8,41,02-10,19,26.02682973001144,73.43604278564453,106,1.0,1,DYN,random_forest,11.601181281797961,0.7684722774927764,2.0,True
BWCN,8,41,02-10,19,26.02682973001144,73.43604278564453,106,1.0,1,O3_MEMORY,linear,10.1612988267709,0.799630496898116,2.0,True
BWCN,8,41,02-10,19,26.02682973001144,73.43604278564453,106,1.0,1,O3_MEMORY,random_forest,11.138673591654383,0.8834062093043258,3.0,True
BWCN,8,41,02-10,19,26.02682973001144,73.43604278564453,106,1.0,1,DYN_PLUS_O3,linear,12.101959667351524,0.861485417415531,1.0,True
BWCN,8,41,02-10,19,26.02682973001144,73.43604278564453,106,1.0,1,DYN_PLUS_O3,random_forest,13.089888895312061,0.9273917644189887,1.0,True
BWCN,8,42,02-11,18,26.02682973001144,73.43604278564453,106,1.0,1,DYN,linear,11.481274010347002,0.7520975921654086,1.0,True
BWCN,8,42,02-11,18,26.02682973001144,73.43604278564453,106,1.0,1,DYN,random_forest,11.33715051720378,0.7751564302004762,2.0,True
BWCN,8,42,02-11,18,26.02682973001144,73.43604278564453,106,1.0,1,O3_MEMORY,linear,10.205371765051718,0.8026349699678854,2.0,True
BWCN,8,42,02-11,18,26.02682973001144,73.43604278564453,106,1.0,1,O3_MEMORY,random_forest,11.36807148659952,0.8965934669385052,2.0,True
BWCN,8,42,02-11,18,26.02682973001144,73.43604278564453,106,1.0,1,DYN_PLUS_O3,linear,12.049388725803635,0.8643549623816936,2.0,True
BWCN,8,42,02-11,18,26.02682973001144,73.43604278564453,106,1.0,1,DYN_PLUS_O3,random_forest,13.211203295115405,0.9292721269469703,1.0,True
BWCN,8,43,02-12,17,26.02682973001144,73.43604278564453,106,1.0,1,DYN,linear,11.290944602390345,0.7487915921426311,1.0,True
BWCN,8,43,02-12,17,26.02682973001144,73.43604278564453,106,1.0,1,DYN,random_forest,10.382673775871968,0.8119808244336818,1.0,True
BWCN,8,43,02-12,17,26.02682973001144,73.43604278564453,106,1.0,1,O3_MEMORY,linear,10.286570745567781,0.8086125072910113,2.0,True
BWCN,8,43,02-12,17,26.02682973001144,73.43604278564453,106,1.0,1,O3_MEMORY,random_forest,12.035450495192565,0.8907638370277315,3.0,True
BWCN,8,43,02-12,17,26.02682973001144,73.43604278564453,106,1.0,1,DYN_PLUS_O3,linear,11.958155759698517,0.8672522308749272,3.0,True
BWCN,8,43,02-12,17,26.02682973001144,73.43604278564453,106,1.0,1,DYN_PLUS_O3,random_forest,13.530361403675853,0.9096024425990652,2.0,True
BWCN,8,44,02-13,16,26.02682973001144,73.43604278564453,106,1.0,1,DYN,linear,10.909641459284929,0.7422278774683488,1.0,True
BWCN,8,44,02-13,16,26.02682973001144,73.43604278564453,106,1.0,1,DYN,random_forest,8.66698723626659,0.64925932807963,7.0,False
BWCN,8,44,02-13,16,26.02682973001144,73.43604278564453,106,1.0,1,O3_MEMORY,linear,10.39979751512767,0.8165105188577708,2.0,True
BWCN,8,44,02-13,16,26.02682973001144,73.43604278564453,106,1.0,1,O3_MEMORY,random_forest,11.698258563607423,0.8810298471003172,3.0,True
BWCN,8,44,02-13,16,26.02682973001144,73.43604278564453,106,1.0,1,DYN_PLUS_O3,linear,11.87727049406928,0.8713673742808917,3.0,True
BWCN,8,44,02-13,16,26.02682973001144,73.43604278564453,106,1.0,1,DYN_PLUS_O3,random_forest,12.671110580583637,0.8336432873362032,4.0,True
BWCN,8,45,02-14,15,26.02682973001144,73.43604278564453,106,1.0,1,DYN,linear,10.388067146792086,0.7278878260057686,1.0,True
BWCN,8,45,02-14,15,26.02682973001144,73.43604278564453,106,1.0,1,DYN,random_forest,8.859256657242991,0.7166419540199329,5.0,True
BWCN,8,45,02-14,15,26.02682973001144,73.43604278564453,106,1.0,1,O3_MEMORY,linear,10.56448234010946,0.8290851692752755,2.0,True
BWCN,8,45,02-14,15,26.02682973001144,73.43604278564453,106,1.0,1,O3_MEMORY,random_forest,12.126486343855476,0.8790500727087933,3.0,True
BWCN,8,45,02-14,15,26.02682973001144,73.43604278564453,106,1.0,1,DYN_PLUS_O3,linear,11.834319224308095,0.8771665558276309,3.0,True
BWCN,8,45,02-14,15,26.02682973001144,73.43604278564453,106,1.0,1,DYN_PLUS_O3,random_forest,14.287420289396682,0.8061935160158658,5.0,True
BWCN,8,46,02-15,14,26.02682973001144,73.43604278564453,106,1.0,1,DYN,linear,9.944956086337822,0.7164440114511856,1.0,True
BWCN,8,46,02-15,14,26.02682973001144,73.43604278564453,106,1.0,1,DYN,random_forest,7.986950461141569,0.7198666360975678,4.0,True
BWCN,8,46,02-15,14,26.02682973001144,73.43604278564453,106,1.0,1,O3_MEMORY,linear,10.75759322274822,0.8423828782561363,2.0,True
BWCN,8,46,02-15,14,26.02682973001144,73.43604278564453,106,1.0,1,O3_MEMORY,random_forest,11.618010481717295,0.839998368777073,4.0,True
BWCN,8,46,02-15,14,26.02682973001144,73.43604278564453,106,1.0,1,DYN_PLUS_O3,linear,11.885505733779484,0.8852516181280643,3.0,True
BWCN,8,46,02-15,14,26.02682973001144,73.43604278564453,106,1.0,1,DYN_PLUS_O3,random_forest,13.806353726431867,0.8336533925927231,4.0,True
BWCN,8,47,02-16,13,26.02682973001144,73.43604278564453,106,1.0,1,DYN,linear,9.796340624506922,0.7132336344362917,1.0,True
BWCN,8,47,02-16,13,26.02682973001144,73.43604278564453,106,1.0,1,DYN,random_forest,8.095667903204449,0.7551276039915111,4.0,True
BWCN,8,47,02-16,13,26.02682973001144,73.43604278564453,106,1.0,1,O3_MEMORY,linear,10.958388119609765,0.8560163438639544,2.0,True
BWCN,8,47,02-16,13,26.02682973001144,73.43604278564453,106,1.0,1,O3_MEMORY,random_forest,11.809915173185718,0.8050572549750366,5.0,True
BWCN,8,47,02-16,13,26.02682973001144,73.43604278564453,106,1.0,1,DYN_PLUS_O3,linear,12.1102493842622,0.8970470358566648,3.0,True
BWCN,8,47,02-16,13,26.02682973001144,73.43604278564453,106,1.0,1,DYN_PLUS_O3,random_forest,15.015221297410802,0.8382626089153552,4.0,True
BWCN,8,48,02-17,12,26.02682973001144,73.43604278564453,106,1.0,1,DYN,linear,10.162687729847987,0.72491167312806,1.0,True
BWCN,8,48,02-17,12,26.02682973001144,73.43604278564453,106,1.0,1,DYN,random_forest,9.231263625013588,0.7663338458302095,4.0,True
BWCN,8,48,02-17,12,26.02682973001144,73.43604278564453,106,1.0,1,O3_MEMORY,linear,11.185135510320734,0.8705930260912056,2.0,True
BWCN,8,48,02-17,12,26.02682973001144,73.43604278564453,106,1.0,1,O3_MEMORY,random_forest,12.43036670231131,0.8981281173744141,4.0,True
BWCN,8,48,02-17,12,26.02682973001144,73.43604278564453,106,1.0,1,DYN_PLUS_O3,linear,12.516859795353705,0.9121786771780678,1.0,True
BWCN,8,48,02-17,12,26.02682973001144,73.43604278564453,106,1.0,1,DYN_PLUS_O3,random_forest,14.53943294009896,0.9176763829590953,3.0,True
BWCN,8,49,02-18,11,26.02682973001144,73.43604278564453,106,1.0,1,DYN,linear,10.678493743290842,0.7405876450426822,1.0,True
BWCN,8,49,02-18,11,26.02682973001144,73.43604278564453,106,1.0,1,DYN,random_forest,10.020828066971161,0.7908021328939524,2.0,True
BWCN,8,49,02-18,11,26.02682973001144,73.43604278564453,106,1.0,1,O3_MEMORY,linear,11.392946742167284,0.8770366328503443,2.0,True
BWCN,8,49,02-18,11,26.02682973001144,73.43604278564453,106,1.0,1,O3_MEMORY,random_forest,13.62671844376835,0.9681134318108665,1.0,True
BWCN,8,49,02-18,11,26.02682973001144,73.43604278564453,106,1.0,1,DYN_PLUS_O3,linear,12.972780614757806,0.9502728488491861,1.0,True
BWCN,8,49,02-18,11,26.02682973001144,73.43604278564453,106,1.0,1,DYN_PLUS_O3,random_forest,15.815016347936377,0.9425567634848288,1.0,True
BWCN,8,50,02-19,10,26.02682973001144,73.43604278564453,106,1.0,1,DYN,linear,11.088913387518474,0.7522946877408901,1.0,True
BWCN,8,50,02-19,10,26.02682973001144,73.43604278564453,106,1.0,1,DYN,random_forest,8.598268920129685,0.7541520217453297,3.0,True
BWCN,8,50,02-19,10,26.02682973001144,73.43604278564453,106,1.0,1,O3_MEMORY,linear,11.628082296692503,0.8933053407044763,2.0,True
BWCN,8,50,02-19,10,26.02682973001144,73.43604278564453,106,1.0,1,O3_MEMORY,random_forest,13.414293933276829,0.9374350826516401,2.0,True
BWCN,8,50,02-19,10,26.02682973001144,73.43604278564453,106,1.0,1,DYN_PLUS_O3,linear,13.397022534788592,0.9601651956447379,1.0,True
BWCN,8,50,02-19,10,26.02682973001144,73.43604278564453,106,1.0,1,DYN_PLUS_O3,random_forest,14.901498466523492,0.9404605500015106,2.0,True
BWCN,8,51,02-20,9,26.02682973001144,73.43604278564453,106,1.0,1,DYN,linear,11.281324281782917,0.7624258245250702,1.0,True
BWCN,8,51,02-20,9,26.02682973001144,73.43604278564453,106,1.0,1,DYN,random_forest,9.62318838076843,0.7815341277790332,2.0,True
BWCN,8,51,02-20,9,26.02682973001144,73.43604278564453,106,1.0,1,O3_MEMORY,linear,11.905851338613855,0.9103882153274294,2.0,True
BWCN,8,51,02-20,9,26.02682973001144,73.43604278564453,106,1.0,1,O3_MEMORY,random_forest,13.327097099729677,0.9565779021463823,2.0,True
BWCN,8,51,02-20,9,26.02682973001144,73.43604278564453,106,1.0,1,DYN_PLUS_O3,linear,13.85084194612698,0.9680950778577022,1.0,True
BWCN,8,51,02-20,9,26.02682973001144,73.43604278564453,106,1.0,1,DYN_PLUS_O3,random_forest,14.946194607937715,0.9487943784878701,2.0,True
BWCN,8,52,02-21,8,26.02682973001144,73.43604278564453,106,1.0,1,DYN,linear,11.542078829787314,0.7706847652311916,1.0,True
BWCN,8,52,02-21,8,26.02682973001144,73.43604278564453,106,1.0,1,DYN,random_forest,10.914688678444216,0.803767787128187,3.0,True
BWCN,8,52,02-21,8,26.02682973001144,73.43604278564453,106,1.0,1,O3_MEMORY,linear,12.311176442576274,0.9272004073771966,2.0,True
BWCN,8,52,02-21,8,26.02682973001144,73.43604278564453,106,1.0,1,O3_MEMORY,random_forest,15.301064915762561,0.951929181641266,2.0,True
BWCN,8,52,02-21,8,26.02682973001144,73.43604278564453,106,1.0,1,DYN_PLUS_O3,linear,14.345120093745136,0.9745020949774076,1.0,True
BWCN,8,52,02-21,8,26.02682973001144,73.43604278564453,106,1.0,1,DYN_PLUS_O3,random_forest,16.39388153585917,0.9450410041286028,1.0,True
BWCN,8,53,02-22,7,26.02682973001144,73.43604278564453,106,1.0,1,DYN,linear,11.702481893924984,0.7763120322912006,1.0,True
BWCN,8,53,02-22,7,26.02682973001144,73.43604278564453,106,1.0,1,DYN,random_forest,11.595407119730488,0.8431977922663964,3.0,True
BWCN,8,53,02-22,7,26.02682973001144,73.43604278564453,106,1.0,1,O3_MEMORY,linear,12.833858717607082,0.942746220937509,2.0,True
BWCN,8,53,02-22,7,26.02682973001144,73.43604278564453,106,1.0,1,O3_MEMORY,random_forest,15.723872638230388,0.9392815707504598,2.0,True
BWCN,8,53,02-22,7,26.02682973001144,73.43604278564453,106,1.0,1,DYN_PLUS_O3,linear,14.889535828903696,0.9797527643097061,1.0,True
BWCN,8,53,02-22,7,26.02682973001144,73.43604278564453,106,1.0,1,DYN_PLUS_O3,random_forest,16.34138284008335,0.9486312968376874,1.0,True
BWCN,8,54,02-23,6,26.02682973001144,73.43604278564453,106,1.0,1,DYN,linear,11.80525211787042,0.7794745351622024,1.0,True
BWCN,8,54,02-23,6,26.02682973001144,73.43604278564453,106,1.0,1,DYN,random_forest,10.975276011118007,0.8285942661043267,3.0,True
BWCN,8,54,02-23,6,26.02682973001144,73.43604278564453,106,1.0,1,O3_MEMORY,linear,13.44225292825925,0.9553783039931364,2.0,True
BWCN,8,54,02-23,6,26.02682973001144,73.43604278564453,106,1.0,1,O3_MEMORY,random_forest,15.601124028283817,0.9430023282401614,2.0,True
BWCN,8,54,02-23,6,26.02682973001144,73.43604278564453,106,1.0,1,DYN_PLUS_O3,linear,15.479135326308656,0.9837609555876643,1.0,True
BWCN,8,54,02-23,6,26.02682973001144,73.43604278564453,106,1.0,1,DYN_PLUS_O3,random_forest,15.774958358189817,0.9458195354241821,1.0,True
BWCN,8,55,02-24,5,26.02682973001144,73.43604278564453,106,1.0,1,DYN,linear,11.805177032898435,0.777425590015655,1.0,True
BWCN,8,55,02-24,5,26.02682973001144,73.43604278564453,106,1.0,1,DYN,random_forest,11.443981143391271,0.8423251479953033,3.0,True
BWCN,8,55,02-24,5,26.02682973001144,73.43604278564453,106,1.0,1,O3_MEMORY,linear,14.090729681471336,0.9648323436939851,2.0,True
BWCN,8,55,02-24,5,26.02682973001144,73.43604278564453,106,1.0,1,O3_MEMORY,random_forest,15.64860254990604,0.9742049456989813,1.0,True
BWCN,8,55,02-24,5,26.02682973001144,73.43604278564453,106,1.0,1,DYN_PLUS_O3,linear,16.137438557708844,0.9865190565452989,1.0,True
BWCN,8,55,02-24,5,26.02682973001144,73.43604278564453,106,1.0,1,DYN_PLUS_O3,random_forest,15.722265829248819,0.9513759374773525,1.0,True
BWCN,8,56,02-25,4,26.02682973001144,73.43604278564453,106,1.0,1,DYN,linear,11.466342904821207,0.7734252841811677,1.0,True
BWCN,8,56,02-25,4,26.02682973001144,73.43604278564453,106,1.0,1,DYN,random_forest,11.663753750400476,0.8532505121582196,2.0,True
BWCN,8,56,02-25,4,26.02682973001144,73.43604278564453,106,1.0,1,O3_MEMORY,linear,14.752320710017626,0.971959121713412,2.0,True
BWCN,8,56,02-25,4,26.02682973001144,73.43604278564453,106,1.0,1,O3_MEMORY,random_forest,15.779172499184048,0.961622504105931,2.0,True
BWCN,8,56,02-25,4,26.02682973001144,73.43604278564453,106,1.0,1,DYN_PLUS_O3,linear,16.732083026361465,0.9884967957039571,1.0,True
BWCN,8,56,02-25,4,26.02682973001144,73.43604278564453,106,1.0,1,DYN_PLUS_O3,random_forest,15.754450746688972,0.9466241342355878,1.0,True
BWCN,8,57,02-26,3,26.02682973001144,73.43604278564453,106,1.0,1,DYN,linear,11.414092909629531,0.7693871537557552,1.0,True
BWCN,8,57,02-26,3,26.02682973001144,73.43604278564453,106,1.0,1,DYN,random_forest,11.973929173110871,0.8545789942479928,1.0,True
BWCN,8,57,02-26,3,26.02682973001144,73.43604278564453,106,1.0,1,O3_MEMORY,linear,15.39358924143776,0.97712477233433,2.0,True
BWCN,8,57,02-26,3,26.02682973001144,73.43604278564453,106,1.0,1,O3_MEMORY,random_forest,15.69284112022934,0.9500571467916128,2.0,True
BWCN,8,57,02-26,3,26.02682973001144,73.43604278564453,106,1.0,1,DYN_PLUS_O3,linear,17.29928814746274,0.9899197248032252,1.0,True
BWCN,8,57,02-26,3,26.02682973001144,73.43604278564453,106,1.0,1,DYN_PLUS_O3,random_forest,15.759577314141916,0.9477265517803556,2.0,True
BWCN,8,58,02-27,2,26.02682973001144,73.43604278564453,106,1.0,1,DYN,linear,11.274618656799884,0.7629739893101779,1.0,True
BWCN,8,58,02-27,2,26.02682973001144,73.43604278564453,106,1.0,1,DYN,random_forest,12.44968658542177,0.866445097545119,1.0,True
BWCN,8,58,02-27,2,26.02682973001144,73.43604278564453,106,1.0,1,O3_MEMORY,linear,15.998909712539941,0.9806186790527426,2.0,True
BWCN,8,58,02-27,2,26.02682973001144,73.43604278564453,106,1.0,1,O3_MEMORY,random_forest,15.668115073441705,0.9656037392341965,2.0,True
BWCN,8,58,02-27,2,26.02682973001144,73.43604278564453,106,1.0,1,DYN_PLUS_O3,linear,17.769156229087205,0.9907376187261812,1.0,True
BWCN,8,58,02-27,2,26.02682973001144,73.43604278564453,106,1.0,1,DYN_PLUS_O3,random_forest,15.947886763240522,0.9266864277293426,1.0,True
BWCN,8,59,02-28,1,26.02682973001144,73.43604278564453,106,1.0,1,DYN,linear,11.09870795547148,0.7573204808486966,1.0,True
BWCN,8,59,02-28,1,26.02682973001144,73.43604278564453,106,1.0,1,DYN,random_forest,12.116804561072138,0.7811543728079985,2.0,True
BWCN,8,59,02-28,1,26.02682973001144,73.43604278564453,106,1.0,1,O3_MEMORY,linear,16.508773042147993,0.9833447804354766,1.0,True
BWCN,8,59,02-28,1,26.02682973001144,73.43604278564453,106,1.0,1,O3_MEMORY,random_forest,16.305873438040887,0.9763698859666634,1.0,True
BWCN,8,59,02-28,1,26.02682973001144,73.43604278564453,106,1.0,1,DYN_PLUS_O3,linear,18.136999187852012,0.9913949202794692,1.0,True
BWCN,8,59,02-28,1,26.02682973001144,73.43604278564453,106,1.0,1,DYN_PLUS_O3,random_forest,16.652092902452676,0.9076519823186776,2.0,True
